{"Kharghar": 10456264.530956848, "Sector-13 Kharghar": 10500000.0, "Sector 18 Kharghar": 12250000.0, "Sector 20 Kharghar": 8682608.695652174, "Sector 15 Kharghar": 10566666.666666666, "Dombivali": 5590750.0, "Churchgate": 65000000.0, "Prabhadevi": 46099999.875, "Jogeshwari West": 15375862.068965517, "Kalyan East": 6099000.0, "Malad East": 20898235.29411765, "Virar East": 2554384.6153846155, "Virar": 3945448.523364486, "Malad West": 14215637.981595092, "Borivali East": 17581395.30232558, "Mira Road East": 8224102.533333333, "Goregaon West": 23294767.441860463, "Kandivali West": 14320869.547826087, "Borivali West": 15910647.721590908, "Kandivali East": 19942482.19148936, "Andheri East": 17900000.0, "Goregaon East": 28981234.34375, "Wadala": 31707999.92, "Ulwe": 7761683.3730407525, "Dahisar": 16892241.344827585, "kandivali": 13500000.0, "Goregaon": 28031578.94736842, "Bhandup West": 22406249.96875, "thakur village kandivali east": 13700000.0, "Santacruz West": 47953846.07692308, "Kanjurmarg": 17374999.89285714, "I C Colony": 5500000.0, "Dahisar W": 8000000.0, "Marol": 16024999.75, "Parel": 52288888.88888889, "Lower Parel": 102711111.1111111, "Worli": 94000000.0, "Jogeshwari East": 20283333.333333332, "Chembur Shell Colony": 9200000.0, "Central Avenue": 47760000.0, "Chembur East": 21625000.0, "Diamond Market Road": 34100000.0, "Mulund": 19366666.666666668, "Nalasopara West": 2536884.6153846155, "raheja vihar": 14450000.0, "Powai Lake": 7850000.0, "MHADA Colony 20": 12050000.0, "Tolaram Colony": 11000000.0, "Taloja": 3989661.5384615385, "Thane West": 12008191.358851675, "Vangani": 2250000.0, "Sector 5 Ulwe": 7540000.0, "Sector12 New Panvel": 9000000.0, "Sector 17 Ulwe": 7965384.576923077, "Sector9 Kamothe": 11428571.42857143, "Sector 19 Kharghar": 8250000.0, "Navi Basti": 8944333.333333334, "Sector12 Kamothe": 8944444.444444444, "Sector 21 Kamothe": 7071428.571428572, "Rutu Enclave": 3400000.0, "taloja panchanand": 5200000.0, "Virar West": 3633866.6666666665, "Chembur": 17425096.274074074, "Sector 20 Kamothe": 5600000.0, "Sector 22 Kamothe": 5933333.333333333, "Sector 18 Kamothe": 6916666.666666667, "Sector-5 Kamothe": 3800000.0, "Sector-6A Kamothe": 3600000.0, "Sector 11 Kamothe": 4400000.0, "Sector-18 Ulwe": 9561538.461538462, "Sector-12 Kamothe": 7600000.0, "azad nagar": 21000000.0, "Sindhi Society Chembur": 18600000.0, "Kurla": 10192749.75, "Sahkar Nagar": 13799999.0, "Deonar": 21833333.333333332, "Thane": 5070000.0, "Jankalyan Nagar": 12540000.0, "Badlapur": 2272571.4285714286, "Ambarnath": 2527000.0, "Ambernath West": 2715200.0, "Vakola": 21700000.0, "Kamothe": 8236875.0, "Kamothe Sector 16": 8333333.333333333, "Almeida Park": 55500000.0, "Khar": 41728571.428571425, "Bandra West": 69926086.95652173, "Pali Hill": 35000000.0, "15th Road": 35000000.0, "Palghar": 2954272.6363636362, "Sector13 Kharghar": 3700000.0, "Sector 21 Kharghar": 5950000.0, "Sector 12 Kharghar": 10866666.666666666, "Vivek Vidyalaya Marg": 11000000.0, "Vasai east": 3808400.0, "Nahur": 34550000.0, "Badlapur West": 2492875.0, "Panvel": 7890823.514705882, "Kalyan": 19195000.0, "Badlapur East": 3016174.925, "Mira Bhayandar": 5200000.0, "Juhu": 66983333.333333336, "Naigaon East": 2900727.272727273, "Sector 21 Ulwe": 7200000.0, "Bandra East": 47375000.0, "Dronagiri": 4374172.413793104, "Nerul": 28847619.04761905, "Karanjade": 4786666.666666667, "Sanpada": 17759343.75, "Sector-8 Ulwe": 12783333.166666666, "Sector-3 Ulwe": 14474999.875, "Sector 23 Ulwe": 4829333.333333333, "ULWE SECTOR 19": 3700000.0, "Ghodbunder Road": 5400000.0, "Bhiwandi": 6277285.714285715, "Vasai": 5511219.5121951215, "Nala Sopara": 2914104.6511627906, "Dadar East": 82500000.0, "Ghatkopar": 25425000.0, "Breach Candy": 115000000.0, "Worli South Mumbai": 233250000.0, "Asangaon": 2035000.0, "Koparkhairane Station Road": 10750000.0, "Kopar Khairane Sector 19A": 11500000.0, "Koper Khairane": 10583333.333333334, "Eastern Express Highway Vikhroli": 17000000.0, "Magathane": 19630303.03030303, "Rawal Pada": 18500000.0, "Ambernath East": 3387866.6, "Dokali Pada": 8500000.0, "Dattapada": 18931578.94736842, "Rajendra Nagar": 17287500.0, "Kulupwadi": 14500000.0, "Samata Nagar Thakur Village": 30500000.0, "Mira Road and Beyond": 5730000.0, "West Amardeep Colony": 17600000.0, "Pant Nagar": 9833333.333333334, "mumbai": 12871199.933333334, "Four Bungalows": 8250000.0, "no 9": 26000000.0, "kolshet": 8800000.0, "Hiranandani Meadows": 20200000.0, "Kalpataru": 19500000.0, "Petali": 3800000.0, "Kharghar Sector 34C": 13200000.0, "Ghatkopar East": 24500000.0, "Mumbai Agra National Highway": 10000000.0, "vasant vihar thane west": 10975000.0, "Kalyan West": 5402965.886363637, "Shirgaon": 2370000.0, "Pokhran 2": 10425000.0, "juhu tara": 180000000.0, "Peddar Road": 100000000.0, "Palm Beach": 16500000.0, "Sector 10": 10183333.333333334, "Sector 19 Kamothe": 8700000.0, "Tilak Nagar": 18500000.0, "Ghatkopar West": 19623076.897435896, "Tardeo": 111200000.0, "Napeansea Road": 94750000.0, "Mahalaxmi": 77000000.0, "Dahisar West": 11480952.38095238, "Mulund West": 20592105.22368421, "Natakwala Lane": 17000000.0, "Link Road": 13250000.0, "Devidas Cross Lane": 13899999.0, "Soniwadi Road": 21000000.0, "Haridas Nagar": 21500000.0, "Shimpoli": 21000000.0, "TPS Road": 18500000.0, "Off Shimpoli road": 20500000.0, "Rustomjee Global City": 3100000.0, "Sunil Nagar": 7500000.0, "Sector 30 Kharghar": 11166666.666666666, "Sector 12 A": 13200000.0, "Sector 18": 13500000.0, "Sector13 Khanda Colony": 5000000.0, "Sector16 Airoli": 5050000.0, "Ranjanpada": 9500000.0, "Sector 15": 10466666.666666666, "Sector 35G": 10000000.0, "Sector 5": 10500000.0, "Sector 35I Kharghar": 9025000.0, "Sector35D Kharghar": 10750000.0, "Sector34 A Kharghar": 5000000.0, "Sector 30": 5500000.0, "Sector 36 Kharghar": 8300000.0, "Sector 11 Belapur": 11500000.0, "Sector-34B Kharghar": 9900000.0, "Dombivali East": 4462222.222222222, "Roadpali": 8287500.0, "Sector-50 Seawoods": 16000000.0, "Mumbai Highway": 13500000.0, "Sector 7 Kharghar": 17500000.0, "Lokhandwala Township": 10500000.0, "Andheri": 23676923.076923076, "Andheri West": 41255900.60869565, "Shastri Nagar": 74500000.0, "Wadala East Wadala": 24938461.53846154, "Kalwa": 7475172.344827586, "PARSIK NAGAR": 7171428.571428572, "Maharashtra Nagar": 6500000.0, "Patlipada": 19000000.0, "Belapur": 21498148.14814815, "Seawoods": 21961363.636363637, "Majiwada": 8628600.0, "4 Bunglows": 21500000.0, "Airoli": 9100000.0, "Kolshet Road": 11433333.333333334, "Sector 10 Khanda Colony": 14000000.0, "Pokharan Road": 13200000.0, "Kharegaon": 3639000.0, "Panch Pakhadi": 11000000.0, "Sector 36 Kamothe": 4800000.0, "Dombivli (West)": 5069565.217391305, "DN Nagar Road": 13600000.0, "Godrej Hill": 4250000.0, "Ganesh Nagar": 21000000.0, "Haware City": 5992400.0, "Mahatma Gandhi Road": 24000000.0, "Akurli Nagar": 11399999.0, "Kasar vadavali": 7300000.0, "Vasai West": 4938833.333333333, "Mumbai Nashik Expressway": 3750000.0, "Katrap": 3300000.0, "Mira Road": 9087500.0, "Kasheli": 2715000.0, "Western Express Highway Kandivali East": 23000000.0, "Vasind": 2000000.0, "KASHELI": 2252500.0, "Thakurli": 6300000.0, "Shakti Nagar": 7550000.0, "Bhayandar East": 5415133.333333333, "Dahisar East": 9976315.789473685, "ulhasnagar 4": 2050000.0, "Sector-26 Taloja": 2100000.0, "Koproli": 3748354.806451613, "Mumbai Central": 3600000.0, "Greater Khanda": 6020000.0, "link road borivali west": 23500000.0, "Manpada": 19400000.0, "Sector 2 Ulwe": 7600000.0, "Govind nagar": 11299999.0, "Krishanlal Marwah Marg": 16000000.0, "Sector-9 Ulwe": 8725000.0, "Vikhroli": 19671428.42857143, "Kalamboli": 11525000.0, "Lokhandwala": 3800000.0, "Patel Nagar": 11500000.0, "Yari Road": 122500000.0, "Thakur complex": 12750000.0, "Khar West": 67214285.71428572, "Sector 11 Kharghar": 9500000.0, "Ghansoli": 13948484.848484848, "Sector8 Sanpada": 6000000.0, "Jeejamata Nagar": 19250000.0, "Pandurangwadi": 11500000.0, "Shreyas Colony": 11700000.0, "Kannamwar Nagar II": 7250000.0, "gokuldham": 8500000.0,